Rk,Player,Pos,Age,Tm,G,GS,MP,FG,FGA,FG%,3P,3PA,3P%,2P,2PA,2P%,eFG%,FT,FTA,FT%,ORB,DRB,TRB,AST,STL,BLK,TOV,PF,PTS,Player-additional
1,Precious Achiuwa,C,23,TOR,12,0,245,36,92,.391,5,28,.179,31,64,.484,.418,28,33,.848,24,60,84,16,2,7,15,19,105,achiupr01
2,Steven Adams,C,29,MEM,30,30,788,103,175,.589,0,1,.000,103,174,.592,.589,26,78,.333,143,166,309,65,24,35,57,69,232,adamsst01
3,Bam Adebayo,C,25,MIA,31,31,1093,258,482,.535,1,10,.100,257,472,.544,.536,130,157,.828,79,228,307,101,29,21,94,98,647,adebaba01
4,Ochai Agbaji,SG,22,UTA,16,0,127,17,42,.405,5,21,.238,12,21,.571,.464,4,9,.444,6,11,17,3,1,0,0,13,43,agbajoc01
5,Santi Aldama,PF,22,MEM,32,16,756,110,230,.478,43,113,.381,67,117,.573,.572,47,65,.723,40,127,167,42,24,29,19,76,310,aldamsa01
6,Nickeil Alexander-Walker,SG,24,UTA,26,2,402,65,133,.489,29,69,.420,36,64,.563,.598,19,26,.731,8,33,41,59,17,10,33,44,178,alexani01
7,Grayson Allen,SG,27,MIL,31,29,852,104,235,.443,54,141,.383,50,94,.532,.557,57,61,.934,31,81,112,77,23,6,34,43,319,allengr01
8,Jarrett Allen,C,24,CLE,28,28,931,154,248,.621,0,4,.000,154,244,.631,.621,80,109,.734,83,200,283,41,21,34,43,63,388,allenja01
9,Jose Alvarado,PG,24,NOP,33,7,683,109,257,.424,48,137,.350,61,120,.508,.518,34,46,.739,15,61,76,98,43,4,45,71,300,alvarjo01
10,Kyle Anderson,PF,29,MIN,25,10,608,66,138,.478,10,29,.345,56,109,.514,.514,40,50,.800,13,93,106,85,28,20,36,47,182,anderky01
11,Giannis Antetokounmpo,PF,28,MIL,29,29,973,330,623,.530,22,90,.244,308,533,.578,.547,237,368,.644,65,270,335,150,25,26,110,105,919,antetgi01
12,Thanasis Antetokounmpo,SF,30,MIL,16,0,69,3,6,.500,0,1,.000,3,5,.600,.500,1,2,.500,4,10,14,3,2,3,5,4,7,antetth01
13,Cole Anthony,PG,22,ORL,19,3,499,86,196,.439,25,72,.347,61,124,.492,.503,48,53,.906,9,77,86,84,16,7,33,63,245,anthoco01
14,OG Anunoby,SF,25,TOR,30,30,1111,210,437,.481,52,146,.356,158,291,.543,.540,93,112,.830,41,135,176,62,66,25,75,88,565,anunoog01
15,Ryan Arcidiacono,PG,28,NYK,8,0,22,1,5,.200,1,3,.333,0,2,.000,.300,0,0,,0,4,4,2,2,0,1,2,3,arcidry01
16,Deni Avdija,SF,22,WAS,34,29,882,99,235,.421,31,102,.304,68,133,.511,.487,46,58,.793,30,157,187,89,26,22,48,104,275,avdijde01
17,Deandre Ayton,C,24,PHO,32,32,931,252,407,.619,7,18,.389,245,389,.630,.628,68,93,.731,97,212,309,61,17,26,67,94,579,aytonde01
18,Udoka Azubuike,C,23,UTA,15,0,63,12,14,.857,0,0,,12,14,.857,.857,2,6,.333,10,17,27,5,2,3,3,5,26,azubuud01
19,Marvin Bagley III,PF,23,DET,22,13,482,96,176,.545,8,28,.286,88,148,.595,.568,36,46,.783,47,87,134,13,13,15,21,44,236,baglema01
20,Patrick Baldwin Jr.,SF,20,GSW,10,0,80,17,37,.459,13,29,.448,4,8,.500,.635,1,2,.500,0,14,14,2,4,0,3,1,48,baldwpa01
21,LaMelo Ball,PG,21,CHO,11,11,374,95,228,.417,45,123,.366,50,105,.476,.515,23,28,.821,12,48,60,83,12,2,35,40,258,ballla01
22,Mo Bamba,C,24,ORL,30,5,567,89,177,.503,33,87,.379,56,90,.622,.596,31,45,.689,38,122,160,32,8,32,20,70,242,bambamo01
23,Paolo Banchero,PF,20,ORL,29,29,987,199,450,.442,35,112,.313,164,338,.485,.481,173,230,.752,33,162,195,112,27,17,85,70,606,banchpa01
24,Desmond Bane,SG,24,MEM,15,15,479,109,251,.434,48,121,.397,61,130,.469,.530,70,76,.921,6,61,67,59,8,4,30,38,336,banede01
25,Dalano Banton,PG,23,TOR,22,2,222,44,104,.423,13,43,.302,31,61,.508,.486,14,17,.824,9,23,32,26,12,12,13,24,115,bantoda01
26,Dominick Barlow,SF,19,SAS,4,0,26,3,7,.429,0,3,.000,3,4,.750,.429,4,4,1.000,2,1,3,3,1,0,0,3,10,barlodo01
27,Harrison Barnes,PF,30,SAC,33,33,1040,140,297,.471,38,126,.302,102,171,.596,.535,133,165,.806,32,145,177,60,27,4,42,47,451,barneha02
28,Scottie Barnes,PF,21,TOR,31,30,1044,183,406,.451,31,103,.301,152,303,.502,.489,57,74,.770,60,154,214,145,26,21,71,56,454,barnesc01
29,RJ Barrett,SG,22,NYK,35,35,1192,241,565,.427,62,187,.332,179,378,.474,.481,147,193,.762,30,161,191,104,18,6,85,83,691,barrerj01
30,Will Barton,SG,32,WAS,31,0,692,92,248,.371,44,119,.370,48,129,.372,.460,28,35,.800,7,87,94,85,16,9,37,36,256,bartowi01
31,Charles Bassey,C,22,SAS,23,1,313,47,70,.671,2,6,.333,45,64,.703,.686,16,24,.667,44,76,120,28,8,22,26,48,112,bassech01
32,Keita Bates-Diop,SF,27,SAS,27,10,496,82,157,.522,13,37,.351,69,120,.575,.564,34,42,.810,33,48,81,22,18,4,21,23,211,bateske01
33,Nicolas Batum,PF,34,LAC,36,5,774,79,176,.449,59,139,.424,20,37,.541,.616,16,26,.615,33,126,159,48,23,29,26,73,233,batumni01
34,Darius Bazley,PF,22,OKC,23,1,381,49,112,.438,12,33,.364,37,79,.468,.491,20,41,.488,21,64,85,22,12,26,14,28,130,bazleda01
35,Bradley Beal,SG,29,WAS,23,23,793,204,387,.527,36,105,.343,168,282,.596,.574,97,113,.858,20,62,82,120,23,14,64,43,541,bealbr01
36,Malik Beasley,SG,26,UTA,37,5,1005,190,463,.410,119,318,.374,71,145,.490,.539,27,33,.818,20,116,136,55,33,5,36,50,526,beaslma01
37,MarJon Beauchamp,SF,22,MIL,23,8,335,50,121,.413,26,71,.366,24,50,.480,.521,14,19,.737,20,38,58,11,11,2,23,37,140,beaucma01
38,Dāvis Bertāns,PF,30,DAL,16,0,154,24,58,.414,21,51,.412,3,7,.429,.595,10,12,.833,4,10,14,4,3,2,4,19,79,bertada01
39,Patrick Beverley,PG,34,LAL,28,28,757,56,148,.378,30,95,.316,26,53,.491,.480,25,31,.806,16,87,103,74,25,14,27,79,167,beverpa01
40,Saddiq Bey,SF,23,DET,33,17,936,147,366,.402,57,176,.324,90,190,.474,.480,112,134,.836,31,107,138,51,28,6,35,54,463,beysa01
41,Khem Birch,C,30,TOR,19,0,150,18,31,.581,1,2,.500,17,29,.586,.597,4,5,.800,8,16,24,7,5,5,6,21,41,birchkh01
42,Goga Bitadze,C,23,IND,17,0,169,25,44,.568,3,12,.250,22,32,.688,.602,9,18,.500,17,21,38,16,6,9,10,30,62,bitadgo01
43,Bismack Biyombo,C,30,PHO,30,4,412,48,83,.578,0,0,,48,83,.578,.578,13,38,.342,33,78,111,26,10,41,29,61,109,biyombi01
44,Buddy Boeheim,PG,23,DET,1,0,1,0,0,,0,0,,0,0,,,0,0,,0,0,0,0,0,0,0,0,0,boehebu01
45,Bogdan Bogdanović,SG,30,ATL,12,3,359,75,171,.439,43,102,.422,32,69,.464,.564,16,20,.800,3,42,45,27,9,3,19,14,209,bogdabo01
46,Bojan Bogdanović,PF,33,DET,36,36,1124,242,507,.477,86,213,.404,156,294,.531,.562,174,193,.902,19,110,129,88,21,2,85,66,744,bogdabo02
47,Bol Bol,PF,23,ORL,36,31,936,178,300,.593,26,65,.400,152,235,.647,.637,51,68,.750,49,205,254,34,18,57,70,50,433,bolbo01
48,Leandro Bolmaro,SG,22,UTA,10,0,58,3,16,.188,0,3,.000,3,13,.231,.188,0,0,,3,1,4,6,3,1,7,7,6,bolmale01
49,Devin Booker,SG,26,PHO,29,29,1002,283,593,.477,67,181,.370,216,412,.524,.534,153,180,.850,23,111,134,161,26,11,70,77,786,bookede01
50,Brandon Boston Jr.,SG,21,LAC,13,0,124,23,61,.377,8,18,.444,15,43,.349,.443,15,19,.789,3,10,13,9,3,0,5,9,69,bostobr01
51,Chris Boucher,PF,30,TOR,29,0,644,103,229,.450,22,81,.272,81,148,.547,.498,71,93,.763,63,114,177,15,21,21,19,71,299,bouchch01
52,James Bouknight,SG,22,CHO,23,0,340,40,119,.336,16,62,.258,24,57,.421,.403,15,22,.682,5,43,48,27,12,4,18,29,111,bouknja01
53,Tony Bradley,C,25,CHI,9,0,25,4,7,.571,2,4,.500,2,3,.667,.714,2,2,1.000,1,9,10,1,1,0,1,1,12,bradlto01
54,Malaki Branham,SF,19,SAS,20,4,363,52,118,.441,20,62,.323,32,56,.571,.525,13,15,.867,5,26,31,32,8,3,20,27,137,branhma01
55,Christian Braun,SG,21,DEN,31,1,461,46,100,.460,12,35,.343,34,65,.523,.520,11,21,.524,19,46,65,18,10,7,12,36,115,braunch01
56,Mikal Bridges,SF,26,PHO,36,36,1301,210,456,.461,66,167,.395,144,289,.498,.533,75,85,.882,37,127,164,110,41,33,45,82,561,bridgmi01
57,Oshae Brissett,SF,24,IND,30,0,481,56,128,.438,27,74,.365,29,54,.537,.543,47,70,.671,22,73,95,14,20,5,18,38,186,brissos01
58,Malcolm Brogdon,PG,30,BOS,30,0,705,139,291,.478,52,120,.433,87,171,.509,.567,69,80,.863,23,99,122,114,16,8,54,43,399,brogdma01
59,Dillon Brooks,SG,27,MEM,30,30,918,195,476,.410,67,194,.345,128,282,.454,.480,65,83,.783,21,86,107,82,26,4,55,100,522,brookdi01
60,Bruce Brown,PG,26,DEN,33,18,973,142,290,.490,41,103,.398,101,187,.540,.560,31,39,.795,29,107,136,134,31,21,53,84,356,brownbr01
61,Greg Brown III,PF,21,POR,10,0,67,8,19,.421,1,5,.200,7,14,.500,.447,2,8,.250,2,9,11,0,4,5,5,8,19,browngr01
62,Jaylen Brown,SF,26,BOS,33,33,1184,332,674,.493,85,249,.341,247,425,.581,.556,141,177,.797,38,201,239,113,40,15,104,88,890,brownja02
63,Kendall Brown,SG,19,IND,6,0,40,4,7,.571,0,1,.000,4,6,.667,.571,1,2,.500,2,4,6,3,4,0,2,9,9,brownke03
64,Moses Brown,C,23,LAC,26,1,168,35,56,.625,0,0,,35,56,.625,.625,23,47,.489,31,44,75,3,2,10,7,24,93,brownmo01
65,Troy Brown Jr.,SF,23,LAL,32,17,710,79,180,.439,33,93,.355,46,87,.529,.531,19,19,1.000,25,97,122,23,22,3,27,45,210,browntr01
66,Jalen Brunson,PG,26,NYK,34,34,1104,247,537,.460,52,142,.366,195,395,.494,.508,141,162,.870,14,95,109,223,36,5,69,80,687,brunsja01
67,Thomas Bryant,C,25,LAL,21,9,408,89,133,.669,13,26,.500,76,107,.710,.718,38,56,.679,30,88,118,20,7,10,17,42,229,bryanth01
68,Reggie Bullock,SF,31,DAL,34,23,957,59,172,.343,46,145,.317,13,27,.481,.477,15,21,.714,13,100,113,35,24,5,16,75,179,bullore01
69,Alec Burks,SG,31,DET,24,0,510,101,219,.461,48,111,.432,53,108,.491,.571,82,104,.788,6,62,68,47,21,3,28,56,332,burksal01
70,Jimmy Butler,SF,33,MIA,22,22,766,165,309,.534,16,47,.340,149,262,.569,.560,138,167,.826,45,102,147,125,45,8,39,33,484,butleji01
71,John Butler,C,20,POR,4,0,15,1,3,.333,0,2,.000,1,1,1.000,.333,0,0,,1,1,2,1,0,1,0,0,2,butlejo01
72,Jamal Cain,SF,23,MIA,9,0,101,16,30,.533,1,6,.167,15,24,.625,.550,5,8,.625,7,14,21,5,5,0,2,10,38,cainja01
73,Kentavious Caldwell-Pope,SG,29,DEN,33,33,1044,134,288,.465,68,149,.456,66,139,.475,.583,38,47,.809,16,86,102,72,40,12,39,68,374,caldwke01
74,Facundo Campazzo,PG,31,DAL,8,0,52,3,13,.231,3,11,.273,0,2,.000,.346,1,2,.500,0,2,2,9,6,0,3,3,10,campafa01
75,Vlatko Čančar,PF,25,DEN,23,0,276,38,76,.500,21,43,.488,17,33,.515,.638,6,7,.857,8,32,40,24,7,5,17,30,103,cancavl01
76,Clint Capela,C,28,ATL,27,27,743,147,231,.636,0,0,,147,231,.636,.636,30,50,.600,117,205,322,20,17,36,26,64,324,capelca01
77,Vernon Carey Jr.,C,21,WAS,4,0,7,0,2,.000,0,0,,0,2,.000,.000,0,0,,0,3,3,1,0,0,1,2,0,careyve01
78,Jevon Carter,PG,27,MIL,34,26,856,96,230,.417,46,117,.393,50,113,.442,.517,18,21,.857,22,74,96,103,43,17,45,70,256,carteje01
79,Wendell Carter Jr.,C,23,ORL,18,15,555,102,196,.520,21,62,.339,81,134,.604,.574,63,81,.778,39,112,151,56,9,8,43,52,288,cartewe01
80,Alex Caruso,PG,28,CHI,30,14,749,53,121,.438,25,67,.373,28,54,.519,.541,29,38,.763,12,72,84,109,48,20,41,69,160,carusal01
81,Julian Champagnie,SF,21,PHI,2,0,7,0,2,.000,0,1,.000,0,1,.000,.000,0,0,,0,0,0,0,1,0,0,0,0,champju02
82,Justin Champagnie,SF,21,TOR,3,0,11,3,3,1.000,0,0,,3,3,1.000,1.000,0,0,,1,3,4,1,0,0,0,1,6,champju01
83,Kennedy Chandler,PG,20,MEM,15,0,154,20,51,.392,2,12,.167,18,39,.462,.412,4,9,.444,3,20,23,34,8,4,13,7,46,chandke01
84,Max Christie,SG,19,LAL,19,0,239,19,53,.358,14,34,.412,5,19,.263,.491,5,6,.833,5,38,43,9,3,2,5,11,57,chrisma02
85,Josh Christopher,SG,21,HOU,20,0,138,22,53,.415,3,14,.214,19,39,.487,.443,6,8,.750,5,16,21,12,5,1,12,14,53,chrisjo01
86,Brandon Clarke,PF,26,MEM,33,3,648,138,212,.651,1,6,.167,137,206,.665,.653,61,82,.744,45,135,180,39,15,25,37,77,338,clarkbr01
87,Jordan Clarkson,SG,30,UTA,36,36,1168,264,603,.438,98,275,.356,166,328,.506,.519,106,129,.822,41,99,140,159,16,10,102,67,732,clarkjo01
88,Nic Claxton,C,23,BRK,32,32,899,171,230,.743,0,1,.000,171,229,.747,.743,40,87,.460,79,192,271,44,25,76,38,90,382,claxtni01
89,Amir Coffey,SG,25,LAC,29,7,404,34,87,.391,9,26,.346,25,61,.410,.443,33,41,.805,11,22,33,34,6,2,13,33,110,coffeam01
90,John Collins,PF,25,ATL,27,27,826,133,268,.496,20,85,.235,113,183,.617,.534,56,69,.812,31,177,208,35,22,36,33,86,342,collijo01
91,Zach Collins,PF,25,SAS,23,6,480,80,148,.541,14,40,.350,66,108,.611,.588,31,43,.721,47,86,133,59,10,22,51,85,205,colliza01
92,Mike Conley,PG,35,UTA,26,25,755,86,226,.381,45,129,.349,41,97,.423,.480,33,46,.717,10,47,57,194,29,6,42,58,250,conlemi01
93,Pat Connaughton,SG,30,MIL,18,2,364,43,124,.347,29,92,.315,14,32,.438,.464,11,17,.647,10,54,64,17,9,3,9,23,126,connapa01
94,Robert Covington,PF,32,LAC,20,0,312,37,97,.381,19,61,.311,18,36,.500,.479,14,17,.824,9,62,71,24,10,13,15,40,107,covinro01
95,Torrey Craig,SF,32,PHO,33,25,819,105,221,.475,47,117,.402,58,104,.558,.581,17,21,.810,66,109,175,51,24,23,23,80,274,craigto01
96,Jarrett Culver,SG,23,ATL,10,1,137,17,43,.395,1,12,.083,16,31,.516,.407,9,13,.692,10,28,38,6,6,2,7,14,44,culveja01
97,Cade Cunningham,PG,21,DET,12,12,400,93,224,.415,17,61,.279,76,163,.466,.453,36,43,.837,12,62,74,72,10,7,39,34,239,cunnica01
98,Seth Curry,SG,32,BRK,23,0,485,69,161,.429,35,90,.389,34,71,.479,.537,17,18,.944,5,40,45,51,14,4,22,44,190,curryse01
99,Stephen Curry,PG,34,GSW,26,26,894,262,524,.500,131,302,.434,131,222,.590,.625,124,135,.919,16,155,171,177,27,9,81,54,779,curryst01
100,Dyson Daniels,PG,19,NOP,25,5,493,48,102,.471,16,39,.410,32,63,.508,.549,15,24,.625,17,71,88,55,19,6,23,50,127,daniedy01
101,Anthony Davis,C,29,LAL,25,25,836,255,429,.594,9,31,.290,246,398,.618,.605,166,201,.826,78,224,302,66,33,53,47,68,685,davisan02
102,Johnny Davis,SG,20,WAS,10,0,50,4,13,.308,0,3,.000,4,10,.400,.308,3,3,1.000,1,6,7,2,0,1,1,12,11,davisjo06
103,Terence Davis,SG,25,SAC,27,2,363,68,156,.436,38,105,.362,30,51,.588,.558,14,17,.824,12,57,69,35,20,8,24,54,188,daviste02
104,JD Davison,PG,20,BOS,3,0,8,1,4,.250,0,2,.000,1,2,.500,.250,0,0,,0,1,1,1,1,0,1,0,2,davisjd01
105,Dewayne Dedmon,C,33,MIA,26,0,316,62,122,.508,11,36,.306,51,86,.593,.553,30,42,.714,26,71,97,15,6,12,17,53,165,dedmode01
106,Matthew Dellavedova,PG,32,SAC,14,0,100,7,23,.304,3,10,.300,4,13,.308,.370,1,3,.333,1,4,5,20,6,0,6,12,18,dellama01
107,DeMar DeRozan,SF,33,CHI,34,34,1224,318,621,.512,14,47,.298,304,574,.530,.523,250,282,.887,18,158,176,170,30,15,66,92,900,derozde01
108,Moussa Diabaté,PF,21,LAC,8,1,90,13,24,.542,0,0,,13,24,.542,.542,7,9,.778,20,12,32,2,3,1,5,10,33,diabamo01
109,Mamadi Diakite,PF,26,CLE,11,2,83,10,21,.476,4,12,.333,6,9,.667,.571,0,0,,3,8,11,2,2,5,5,11,24,diakima01
110,Hamidou Diallo,SG,24,DET,30,0,433,75,148,.507,3,15,.200,72,133,.541,.517,44,72,.611,28,58,86,27,17,5,24,59,197,diallha01
111,Gorgui Dieng,C,33,SAS,12,1,141,18,44,.409,9,31,.290,9,13,.692,.511,3,4,.750,12,27,39,22,1,5,12,22,48,dienggo01
112,Ousmane Dieng,SF,19,OKC,14,0,220,25,59,.424,10,34,.294,15,25,.600,.508,1,4,.250,6,34,40,20,5,4,7,12,61,diengou01
113,Spencer Dinwiddie,PG,29,DAL,34,34,1110,194,422,.460,93,224,.415,101,198,.510,.570,79,94,.840,15,95,110,177,30,9,54,79,560,dinwisp01
114,Donte DiVincenzo,SG,26,GSW,26,7,572,62,156,.397,42,108,.389,20,48,.417,.532,20,24,.833,21,90,111,74,31,2,35,52,186,divindo01
115,Luka Dončić,PG,23,DAL,32,32,1183,365,721,.506,92,259,.355,273,462,.591,.570,254,343,.741,32,246,278,280,54,18,120,94,1076,doncilu01
116,Tyler Dorsey,SG,26,DAL,3,0,8,4,5,.800,1,2,.500,3,3,1.000,.900,0,0,,1,1,2,0,0,0,0,0,9,dorsety01
117,Luguentz Dort,SG,23,OKC,33,33,1010,155,386,.402,54,172,.314,101,214,.472,.472,86,114,.754,48,91,139,78,33,11,51,106,450,dortlu01
118,Ayo Dosunmu,PG,23,CHI,32,24,856,121,242,.500,30,90,.333,91,152,.599,.562,27,33,.818,20,81,101,87,22,12,43,78,299,dosunay01
119,Devon Dotson,PG,23,WAS,6,0,53,1,10,.100,1,4,.250,0,6,.000,.150,0,0,,6,4,10,8,5,0,3,9,3,dotsode01
120,Jeff Dowtin,PG,25,TOR,9,0,67,9,18,.500,1,4,.250,8,14,.571,.528,1,1,1.000,4,6,10,8,0,1,1,4,20,dowtije01
121,Goran Dragić,PG,36,CHI,32,0,548,99,224,.442,38,94,.404,61,130,.469,.527,23,36,.639,11,37,48,93,7,4,39,45,259,dragigo01
122,Andre Drummond,C,29,CHI,27,0,382,70,125,.560,0,2,.000,70,123,.569,.560,27,46,.587,62,136,198,22,17,10,32,55,167,drumman01
123,Chris Duarte,SF,25,IND,14,5,262,40,107,.374,18,57,.316,22,50,.440,.458,13,17,.765,5,24,29,19,3,4,13,24,111,duartch01
124,David Duke Jr.,SG,23,BRK,14,0,126,19,43,.442,0,6,.000,19,37,.514,.442,4,8,.500,6,9,15,12,5,1,13,23,42,dukeda01
125,Kevin Durant,PF,34,BRK,34,34,1238,362,646,.560,60,162,.370,302,484,.624,.607,232,250,.928,12,223,235,182,27,52,120,84,1016,duranke01
126,Jalen Duren,C,19,DET,34,10,826,110,175,.629,0,1,.000,110,174,.632,.629,38,67,.567,117,176,293,31,19,27,40,88,258,durenja01
127,Tari Eason,PF,21,HOU,34,0,641,107,249,.430,28,72,.389,79,177,.446,.486,47,56,.839,68,104,172,27,39,17,32,75,289,easonta01
128,Anthony Edwards,SG,21,MIN,35,35,1287,298,644,.463,90,245,.367,208,399,.521,.533,137,184,.745,25,186,211,156,62,18,116,99,823,edwaran01
129,Kessler Edwards,SF,22,BRK,13,1,74,6,22,.273,2,11,.182,4,11,.364,.318,1,2,.500,6,8,14,2,3,1,4,3,15,edwarke02
130,Keon Ellis,SG,23,SAC,3,0,9,0,1,.000,0,1,.000,0,0,,.000,0,0,,0,2,2,1,0,0,0,2,0,elliske01
131,Joel Embiid,C,28,PHI,25,25,895,280,529,.529,27,80,.338,253,449,.563,.555,256,300,.853,45,198,243,108,30,41,95,82,843,embiijo01
132,Drew Eubanks,C,25,POR,32,4,572,79,105,.752,2,3,.667,77,102,.755,.762,26,39,.667,48,85,133,30,14,32,24,61,186,eubandr01
133,Bruno Fernando,C,24,HOU,17,3,185,28,48,.583,0,1,.000,28,47,.596,.583,14,22,.636,27,36,63,18,5,12,10,38,70,fernabr01
134,Dorian Finney-Smith,PF,29,DAL,31,31,981,93,232,.401,58,168,.345,35,64,.547,.526,16,25,.640,44,81,125,36,30,17,29,58,260,finnedo01
135,Malachi Flynn,PG,24,TOR,22,1,334,55,129,.426,32,68,.471,23,61,.377,.550,11,13,.846,8,23,31,29,10,2,12,33,153,flynnma01
136,Simone Fontecchio,SF,27,UTA,21,0,190,27,72,.375,18,51,.353,9,21,.429,.500,9,14,.643,10,14,24,8,3,5,10,18,81,fontesi01
137,Bryn Forbes,SG,29,MIN,21,0,223,23,69,.333,9,36,.250,14,33,.424,.399,12,12,1.000,4,9,13,13,7,1,8,17,67,forbebr01
138,Trent Forrest,PG,24,ATL,15,3,211,22,46,.478,0,2,.000,22,44,.500,.478,2,3,.667,5,21,26,28,6,2,7,14,46,forretr01
139,Michael Foster Jr.,PF,20,PHI,1,0,1,0,0,,0,0,,0,0,,,0,0,,0,0,0,0,0,0,0,0,0,fostemi02
140,Evan Fournier,SG,30,NYK,13,7,260,31,90,.344,19,57,.333,12,33,.364,.450,9,11,.818,2,25,27,22,9,3,14,28,90,fournev01
141,De'Aaron Fox,PG,25,SAC,30,30,974,260,513,.507,53,154,.344,207,359,.577,.558,134,170,.788,12,131,143,172,28,12,79,80,707,foxde01
142,Markelle Fultz,SG,24,ORL,15,15,405,70,154,.455,8,20,.400,62,134,.463,.481,21,31,.677,17,42,59,79,22,5,35,36,169,fultzma01
143,Wenyen Gabriel,PF,25,LAL,26,2,374,56,93,.602,6,16,.375,50,77,.649,.634,25,33,.758,39,64,103,14,11,13,19,52,143,gabriwe01
144,Daniel Gafford,C,24,WAS,36,5,557,103,137,.752,0,0,,103,137,.752,.752,44,73,.603,65,96,161,18,13,41,32,70,250,gaffoda01
145,Darius Garland,PG,23,CLE,29,29,1043,213,480,.444,72,182,.396,141,298,.473,.519,124,141,.879,12,66,78,227,39,5,95,60,622,garlada01
146,Usman Garuba,PF,20,HOU,32,1,464,38,78,.487,8,16,.500,30,62,.484,.538,15,28,.536,63,94,157,34,25,18,23,52,99,garubus01
147,Luka Garza,C,24,MIN,7,0,26,6,10,.600,0,3,.000,6,7,.857,.600,3,4,.750,3,5,8,3,0,0,1,5,15,garzalu01
148,Rudy Gay,SF,36,UTA,23,0,364,38,113,.336,13,59,.220,25,54,.463,.394,9,13,.692,13,59,72,16,11,10,14,29,98,gayru01
149,Paul George,SF,32,LAC,26,26,890,210,467,.450,77,202,.381,133,265,.502,.532,118,134,.881,17,143,160,136,38,13,91,68,615,georgpa01
150,Taj Gibson,PF,37,WAS,23,1,206,31,58,.534,3,13,.231,28,45,.622,.560,15,20,.750,12,24,36,12,10,6,11,42,80,gibsota01
151,Josh Giddey,SG,20,OKC,29,29,890,182,394,.462,29,86,.337,153,308,.497,.499,29,40,.725,51,183,234,162,19,14,94,57,422,giddejo01
152,Shai Gilgeous-Alexander,SG,24,OKC,31,31,1111,325,643,.505,32,91,.352,293,552,.531,.530,294,318,.925,25,126,151,180,53,34,105,81,976,gilgesh01
153,Anthony Gill,PF,30,WAS,28,4,295,31,54,.574,2,14,.143,29,40,.725,.593,14,17,.824,15,26,41,13,5,5,5,35,78,gillan01
154,Rudy Gobert,C,30,MIN,30,30,942,158,237,.667,0,3,.000,158,234,.675,.667,97,142,.683,106,253,359,27,24,38,49,92,413,goberru01
155,Jordan Goodwin,PG,24,WAS,27,3,563,80,168,.476,20,50,.400,60,118,.508,.536,24,33,.727,31,78,109,80,31,15,28,51,204,goodwjo01
156,Aaron Gordon,PF,27,DEN,29,29,869,196,321,.611,30,77,.390,166,244,.680,.657,85,132,.644,69,124,193,61,26,23,46,53,507,gordoaa01
157,Eric Gordon,SG,34,HOU,28,28,835,110,265,.415,52,150,.347,58,115,.504,.513,49,58,.845,8,48,56,68,18,10,49,21,321,gordoer01
158,Devonte' Graham,PG,27,NOP,34,0,510,55,149,.369,43,121,.355,12,28,.429,.513,32,39,.821,11,43,54,71,15,8,19,26,185,grahade01
159,Jerami Grant,PF,28,POR,32,32,1152,236,488,.484,85,189,.450,151,299,.505,.571,150,191,.785,33,109,142,88,25,26,61,74,707,grantje01
160,A.J. Green,SG,23,MIL,12,0,69,13,24,.542,9,19,.474,4,5,.800,.729,3,3,1.000,2,6,8,4,1,0,2,11,38,greenaj01
161,Draymond Green,PF,32,GSW,32,32,986,103,198,.520,18,57,.316,85,141,.603,.566,31,43,.721,23,184,207,214,22,26,78,93,255,greendr01
162,Jalen Green,SG,20,HOU,34,34,1173,250,599,.417,78,246,.317,172,353,.487,.482,156,196,.796,20,129,149,121,28,8,100,53,734,greenja05
163,JaMychal Green,PF,32,GSW,28,1,417,64,125,.512,13,49,.265,51,76,.671,.564,22,30,.733,40,72,112,21,13,10,32,57,163,greenja01
164,Javonte Green,SG,29,CHI,26,1,420,57,99,.576,12,32,.375,45,67,.672,.636,26,38,.684,24,55,79,20,21,18,19,45,152,greenja02
165,Jeff Green,PF,36,DEN,24,3,464,68,129,.527,8,30,.267,60,99,.606,.558,35,51,.686,21,46,67,27,9,7,23,42,179,greenje02
166,Josh Green,SG,22,DAL,25,1,507,60,103,.583,24,54,.444,36,49,.735,.699,32,45,.711,22,35,57,29,23,1,18,62,176,greenjo02
167,AJ Griffin,SF,19,ATL,31,9,674,129,279,.462,52,142,.366,77,137,.562,.556,14,16,.875,21,52,73,32,33,3,26,39,324,griffaj01
168,Blake Griffin,PF,33,BOS,15,8,229,29,58,.500,8,24,.333,21,34,.618,.569,15,21,.714,15,44,59,18,4,1,6,31,81,griffbl01
169,Quentin Grimes,SG,22,NYK,24,19,649,82,174,.471,43,114,.377,39,60,.650,.595,25,33,.758,22,59,81,50,15,12,27,70,232,grimequ01
170,Rui Hachimura,PF,24,WAS,20,0,475,104,200,.520,16,48,.333,88,152,.579,.560,33,42,.786,16,79,95,23,6,9,24,23,257,hachiru01
171,Tyrese Haliburton,PG,22,IND,33,33,1103,243,506,.480,100,250,.400,143,256,.559,.579,91,104,.875,23,102,125,338,55,14,88,36,677,halibty01
172,Jordan Hall,SF,21,SAS,9,0,83,9,28,.321,3,15,.200,6,13,.462,.375,7,9,.778,3,9,12,11,1,0,7,6,28,halljo02
173,R.J. Hampton,PG,21,ORL,24,0,337,46,107,.430,17,49,.347,29,58,.500,.509,28,33,.848,9,26,35,33,16,4,19,20,137,hamptrj01
174,Tim Hardaway Jr.,SG,30,DAL,33,16,910,145,387,.375,92,262,.351,53,125,.424,.494,62,80,.775,8,92,100,56,28,5,31,48,444,hardati02
175,James Harden,SG,33,PHI,19,19,726,128,296,.432,51,140,.364,77,156,.494,.519,111,126,.881,9,114,123,212,29,11,70,41,418,hardeja01
176,Jaden Hardy,SG,20,DAL,10,0,65,14,41,.341,1,12,.083,13,29,.448,.354,9,9,1.000,0,8,8,3,1,2,3,9,38,hardyja02
177,Ron Harper Jr.,SF,22,TOR,2,0,8,2,4,.500,2,3,.667,0,1,.000,.750,0,0,,0,1,1,0,0,0,0,0,6,harpero02
178,Montrezl Harrell,C,29,PHI,29,5,328,50,91,.549,0,1,.000,50,90,.556,.549,40,56,.714,27,50,77,18,7,13,16,34,140,harremo01
179,Gary Harris,SG,28,ORL,9,3,215,32,63,.508,13,30,.433,19,33,.576,.611,10,10,1.000,5,17,22,14,5,2,10,17,87,harriga01
180,Joe Harris,SG,31,BRK,29,18,745,90,212,.425,55,144,.382,35,68,.515,.554,12,17,.706,12,69,81,49,18,9,17,72,247,harrijo01
181,Kevon Harris,SG,25,ORL,25,0,299,28,70,.400,11,26,.423,17,44,.386,.479,22,26,.846,21,28,49,11,11,3,16,33,89,harrike01
182,Tobias Harris,PF,30,PHI,30,30,1038,194,393,.494,64,162,.395,130,231,.563,.575,47,54,.870,28,157,185,82,36,15,44,67,499,harrito02
183,Josh Hart,SG,27,POR,32,32,1107,119,233,.511,22,63,.349,97,170,.571,.558,56,73,.767,64,207,271,124,41,3,54,86,316,hartjo01
184,Isaiah Hartenstein,C,24,NYK,35,7,697,84,164,.512,8,30,.267,76,134,.567,.537,23,29,.793,99,133,232,28,22,28,30,84,199,harteis01
185,Udonis Haslem,PF,42,MIA,5,1,36,1,10,.100,0,1,.000,1,9,.111,.100,1,2,.500,3,3,6,0,1,1,0,7,3,hasleud01
186,Sam Hauser,PF,25,BOS,35,0,545,76,167,.455,60,145,.414,16,22,.727,.635,7,11,.636,15,74,89,26,10,8,11,44,219,hausesa01
187,Jaxson Hayes,C,22,NOP,14,1,161,20,39,.513,1,13,.077,19,26,.731,.526,14,21,.667,7,31,38,11,3,5,8,13,55,hayesja02
188,Killian Hayes,PG,21,DET,37,24,943,134,352,.381,40,124,.323,94,228,.412,.438,29,36,.806,16,92,108,196,39,14,65,110,337,hayeski01
189,Gordon Hayward,SF,32,CHO,18,18,594,100,227,.441,23,71,.324,77,156,.494,.491,44,57,.772,18,72,90,70,14,4,39,20,267,haywago01
190,Juancho Hernangómez,PF,27,TOR,23,9,434,41,86,.477,14,48,.292,27,38,.711,.558,5,11,.455,22,68,90,17,11,4,13,30,101,hernaju01
191,Willy Hernangómez,C,28,NOP,16,0,165,29,58,.500,1,6,.167,28,52,.538,.509,32,40,.800,24,38,62,15,5,6,21,22,91,hernawi01
192,Tyler Herro,SG,23,MIA,27,27,954,202,451,.448,89,226,.394,113,225,.502,.547,73,80,.913,14,143,157,123,27,11,70,47,566,herroty01
193,Buddy Hield,SG,30,IND,35,35,1107,222,489,.454,132,315,.419,90,174,.517,.589,42,49,.857,32,134,166,92,32,11,70,68,618,hieldbu01
194,Haywood Highsmith,SF,26,MIA,24,2,466,40,104,.385,17,50,.340,23,54,.426,.466,6,16,.375,23,67,90,21,22,9,17,30,103,highsha01
195,George Hill,PG,36,MIL,30,0,601,50,117,.427,19,64,.297,31,53,.585,.509,32,44,.727,12,52,64,77,14,3,27,37,151,hillge01
196,Malcolm Hill,SF,27,CHI,3,0,1,0,0,,0,0,,0,0,,,0,0,,0,1,1,0,0,0,0,0,0,hillma01
197,Aaron Holiday,PG,26,ATL,31,3,531,58,132,.439,21,48,.438,37,84,.440,.519,19,23,.826,16,30,46,51,23,5,22,53,156,holidaa01
198,Jrue Holiday,PG,32,MIL,26,25,860,183,404,.453,58,159,.365,125,245,.510,.525,67,75,.893,33,104,137,194,40,12,86,52,491,holidjr01
199,Justin Holiday,SG,33,ATL,26,0,400,46,121,.380,29,84,.345,17,37,.459,.500,0,0,,2,20,22,23,5,10,12,35,121,holidju01
200,Richaun Holmes,PF,29,SAC,19,0,180,25,39,.641,2,3,.667,23,36,.639,.667,6,8,.750,13,25,38,3,3,3,5,28,58,holmeri01
201,Al Horford,C,36,BOS,26,26,800,97,194,.500,56,126,.444,41,68,.603,.644,5,8,.625,25,138,163,67,12,28,17,50,255,horfoal01
202,Talen Horton-Tucker,SG,22,UTA,32,1,498,81,212,.382,20,86,.233,61,126,.484,.429,32,43,.744,16,63,79,72,24,11,38,43,214,hortota01
203,Danuel House Jr.,SF,29,PHI,28,2,477,47,95,.495,19,55,.345,28,40,.700,.595,24,32,.750,7,48,55,21,6,7,14,38,137,houseda01
204,Caleb Houstan,SF,20,ORL,24,1,416,32,86,.372,22,62,.355,10,24,.417,.500,11,13,.846,16,42,58,16,4,2,7,39,97,houstca01
205,Trevor Hudgins,PG,23,HOU,1,0,4,1,1,1.000,1,1,1.000,0,0,,1.500,0,0,,0,0,0,0,0,0,0,0,3,hudgitr01
206,Kevin Huerter,SG,24,SAC,32,32,1001,173,364,.475,91,220,.414,82,144,.569,.600,50,72,.694,18,84,102,91,36,9,50,82,487,huertke01
207,De'Andre Hunter,SF,25,ATL,28,28,860,150,335,.448,40,113,.354,110,222,.495,.507,79,96,.823,18,96,114,34,10,6,36,81,419,huntede01
208,Bones Hyland,PG,22,DEN,26,1,542,114,293,.389,61,158,.386,53,135,.393,.493,48,57,.842,9,48,57,89,16,9,43,47,337,hylanbo01
209,Serge Ibaka,PF,33,MIL,15,0,170,24,47,.511,6,15,.400,18,32,.563,.574,8,13,.615,13,29,42,4,0,6,8,20,62,ibakase01
210,Joe Ingles,SF,35,MIL,5,0,88,6,25,.240,4,21,.190,2,4,.500,.320,3,3,1.000,2,5,7,7,2,0,10,7,19,inglejo01
211,Brandon Ingram,SF,25,NOP,15,15,481,109,231,.472,28,60,.467,81,171,.474,.532,66,76,.868,7,69,76,70,13,10,42,33,312,ingrabr01
212,Kyrie Irving,PG,30,BRK,25,25,918,241,494,.488,76,210,.362,165,284,.581,.565,95,104,.913,21,102,123,118,18,22,59,69,653,irvinky01
213,Jaden Ivey,SG,20,DET,33,32,997,175,425,.412,44,140,.314,131,285,.460,.464,111,153,.725,36,103,139,132,35,9,87,97,505,iveyja01
214,Isaiah Jackson,PF,21,IND,29,3,453,73,132,.553,1,6,.167,72,126,.571,.557,50,72,.694,41,78,119,29,14,33,27,66,197,jacksis01
215,Jaren Jackson Jr.,C,23,MEM,17,17,427,93,189,.492,26,75,.347,67,114,.588,.561,59,77,.766,32,72,104,10,18,52,25,50,271,jacksja02
216,Justin Jackson,SF,27,BOS,14,0,65,3,14,.214,3,12,.250,0,2,.000,.321,0,0,,0,7,7,4,2,2,2,4,9,jacksju01
217,Reggie Jackson,PG,32,LAC,33,33,947,152,357,.426,53,148,.358,99,209,.474,.500,50,55,.909,14,68,82,127,23,3,73,68,407,jacksre01
218,LeBron James,PF,38,LAL,27,27,965,295,592,.498,55,185,.297,240,407,.590,.545,106,141,.752,33,185,218,177,29,16,85,51,751,jamesle01
219,Ty Jerome,SG,25,GSW,20,1,346,53,104,.510,17,43,.395,36,61,.590,.591,19,20,.950,3,32,35,47,5,1,11,28,142,jeromty01
220,Isaiah Joe,SG,23,OKC,27,1,324,56,120,.467,44,98,.449,12,22,.545,.650,19,23,.826,3,45,48,26,16,2,13,32,175,joeis01
221,Alize Johnson,PF,26,SAS,4,0,30,3,6,.500,0,2,.000,3,4,.750,.500,1,2,.500,2,8,10,1,1,0,4,3,7,johnsal02
222,Cameron Johnson,PF,26,PHO,8,8,202,37,83,.446,22,51,.431,15,32,.469,.578,8,11,.727,5,22,27,14,9,3,2,14,104,johnsca02
223,Jalen Johnson,SF,21,ATL,33,6,524,65,148,.439,11,52,.212,54,96,.563,.476,23,32,.719,21,102,123,36,16,16,18,58,164,johnsja05
224,James Johnson,PF,35,IND,9,0,71,7,19,.368,1,7,.143,6,12,.500,.395,0,0,,0,8,8,5,1,3,2,17,15,johnsja01
225,Keldon Johnson,SF,23,SAS,30,30,979,223,537,.415,76,222,.342,147,315,.467,.486,104,143,.727,26,124,150,89,24,3,69,56,626,johnske04
226,Keon Johnson,SG,20,POR,15,0,207,36,93,.387,16,48,.333,20,45,.444,.473,5,11,.455,6,22,28,20,9,4,24,18,93,johnske07
227,Stanley Johnson,SF,26,SAS,7,0,89,16,27,.593,4,9,.444,12,18,.667,.667,4,5,.800,2,13,15,13,5,4,6,8,40,johnsst04
228,Nikola Jokić,C,27,DEN,31,31,1042,300,485,.619,24,74,.324,276,411,.672,.643,174,216,.806,67,269,336,291,45,20,109,88,798,jokicni01
229,Damian Jones,C,27,LAL,18,1,167,20,36,.556,0,3,.000,20,33,.606,.556,15,20,.750,18,35,53,4,3,11,8,15,55,jonesda03
230,Derrick Jones Jr.,SF,25,CHI,25,0,345,48,96,.500,11,32,.344,37,64,.578,.557,30,36,.833,23,35,58,15,13,17,11,32,137,jonesde02
231,Herbert Jones,SF,24,NOP,23,23,653,82,188,.436,21,70,.300,61,118,.517,.492,57,74,.770,27,54,81,51,31,16,28,78,242,joneshe01
232,Kai Jones,C,22,CHO,22,0,217,27,54,.500,3,11,.273,24,43,.558,.528,8,11,.727,19,30,49,5,5,10,9,30,65,joneska01
233,Tre Jones,PG,23,SAS,33,33,989,159,364,.437,26,85,.306,133,279,.477,.473,77,85,.906,26,91,117,216,48,5,64,57,421,jonestr01
234,Tyus Jones,PG,26,MEM,33,5,774,128,290,.441,48,128,.375,80,162,.494,.524,33,44,.750,14,59,73,150,26,2,34,14,337,jonesty01
235,DeAndre Jordan,C,34,DEN,26,3,375,52,69,.754,1,1,1.000,51,68,.750,.761,17,36,.472,35,103,138,21,5,17,29,41,122,jordade01
236,Cory Joseph,PG,31,DET,30,2,443,49,122,.402,18,53,.340,31,69,.449,.475,15,22,.682,7,26,33,90,10,2,18,43,131,josepco01
237,Nikola Jović,PF,19,MIA,15,8,204,28,69,.406,8,35,.229,20,34,.588,.464,18,19,.947,9,22,31,10,7,2,10,19,82,jovicni01
238,Mfiondu Kabengele,PF,25,BOS,1,0,8,1,2,.500,0,1,.000,1,1,1.000,.500,0,0,,3,1,4,0,0,0,0,1,2,kabenmf01
239,Frank Kaminsky,C,29,ATL,16,0,125,17,30,.567,8,18,.444,9,12,.750,.700,8,8,1.000,1,24,25,16,2,0,6,15,50,kaminfr01
240,Trevor Keels,SG,19,NYK,1,0,1,0,1,.000,0,1,.000,0,0,,.000,0,0,,0,1,1,0,0,0,0,0,0,keelstr01
241,Luke Kennard,SG,26,LAC,24,7,540,79,158,.500,49,103,.476,30,55,.545,.655,13,14,.929,5,61,66,28,14,3,22,33,220,kennalu01
242,Walker Kessler,C,21,UTA,34,6,624,98,133,.737,0,0,,98,133,.737,.737,35,64,.547,81,132,213,21,7,63,22,77,231,kesslwa01
243,Braxton Key,SF,25,DET,3,0,9,1,1,1.000,0,0,,1,1,1.000,1.000,2,2,1.000,0,1,1,0,0,0,0,0,4,keybr01
244,Corey Kispert,SF,23,WAS,28,17,776,94,196,.480,47,120,.392,47,76,.618,.599,26,34,.765,15,54,69,42,17,4,18,42,261,kispeco01
245,Maxi Kleber,C,31,DAL,22,0,564,51,104,.490,24,65,.369,27,39,.692,.606,11,14,.786,19,59,78,21,7,22,13,48,137,klebima01
246,Nathan Knight,PF,25,MIN,16,0,79,15,21,.714,1,4,.250,14,17,.824,.738,11,15,.733,5,11,16,4,4,1,9,11,42,knighna01
247,Kevin Knox,SF,23,DET,30,0,420,60,132,.455,31,86,.360,29,46,.630,.572,18,23,.783,14,57,71,13,11,9,19,53,169,knoxke01
248,Christian Koloko,C,22,TOR,32,17,518,42,94,.447,0,7,.000,42,87,.483,.447,33,49,.673,53,54,107,15,9,39,16,83,117,kolokch01
249,John Konchar,SG,26,MEM,31,20,799,84,186,.452,41,108,.380,43,78,.551,.562,16,19,.842,32,141,173,48,33,9,18,51,225,konchjo01
250,Furkan Korkmaz,SG,25,PHI,18,0,204,24,62,.387,10,30,.333,14,32,.438,.468,18,25,.720,4,19,23,17,4,2,12,9,76,korkmfu01
251,Luke Kornet,C,27,BOS,30,0,373,50,75,.667,2,6,.333,48,69,.696,.680,15,18,.833,42,60,102,22,6,24,12,42,117,kornelu01
252,Vit Krejci,PG,22,ATL,16,0,105,10,26,.385,5,17,.294,5,9,.556,.481,1,2,.500,2,9,11,10,2,1,3,10,26,krejcvi01
253,Jonathan Kuminga,PF,20,GSW,32,4,588,90,191,.471,16,60,.267,74,131,.565,.513,44,65,.677,34,71,105,50,15,14,47,72,240,kuminjo01
254,Kyle Kuzma,PF,27,WAS,35,35,1240,289,620,.466,89,261,.341,200,359,.557,.538,90,128,.703,33,231,264,125,20,14,93,86,757,kuzmaky01
255,Anthony Lamb,SF,25,GSW,28,3,518,62,126,.492,33,87,.379,29,39,.744,.623,9,14,.643,20,66,86,44,17,8,29,58,166,lamban01
256,Jock Landale,C,27,PHO,30,2,419,72,141,.511,9,42,.214,63,99,.636,.543,47,58,.810,49,61,110,24,7,19,25,56,200,landajo01
257,Romeo Langford,SG,23,SAS,19,7,362,45,93,.484,6,27,.222,39,66,.591,.516,17,25,.680,27,24,51,17,12,8,15,34,113,langfro01
258,Jake LaRavia,PF,21,MEM,21,0,325,30,73,.411,19,51,.373,11,22,.500,.541,6,7,.857,16,38,54,18,10,3,15,37,85,laravja01
259,Zach LaVine,SG,27,CHI,30,30,1043,241,533,.452,84,224,.375,157,309,.508,.531,100,123,.813,17,112,129,127,32,1,70,70,666,lavinza01
260,A.J. Lawson,SG,22,MIN,1,0,2,1,1,1.000,0,0,,1,1,1.000,1.000,0,0,,0,1,1,0,0,0,0,1,2,lawsoaj01
261,Damion Lee,SG,30,PHO,36,2,788,102,220,.464,67,138,.486,35,82,.427,.616,37,40,.925,23,101,124,46,15,3,32,56,308,leeda03
262,Saben Lee,PG,23,PHI,2,0,10,3,4,.750,0,1,.000,3,3,1.000,.750,0,0,,0,0,0,2,1,0,3,1,6,leesa01
263,Alex Len,C,29,SAC,9,1,39,5,10,.500,0,1,.000,5,9,.556,.500,3,4,.750,3,10,13,2,0,0,2,7,13,lenal01
264,Kawhi Leonard,SF,31,LAC,14,12,391,86,187,.460,13,51,.255,73,136,.537,.495,42,56,.750,15,69,84,53,12,4,20,20,227,leonaka01
265,Caris LeVert,SG,28,CLE,31,16,942,128,324,.395,44,126,.349,84,198,.424,.463,60,79,.759,23,104,127,117,23,4,50,72,360,leverca01
266,Kira Lewis Jr.,PG,21,NOP,2,0,23,4,11,.364,1,3,.333,3,8,.375,.409,2,2,1.000,0,2,2,1,1,0,0,4,11,lewiski01
267,Damian Lillard,PG,32,POR,22,22,772,182,413,.441,93,245,.380,89,168,.530,.553,148,163,.908,14,70,84,158,18,6,77,41,605,lillada01
268,Nassir Little,PF,22,POR,21,0,321,43,91,.473,16,43,.372,27,48,.563,.560,14,21,.667,7,43,50,18,8,3,14,17,116,littlna01
269,Isaiah Livers,PF,24,DET,22,7,430,42,104,.404,29,81,.358,13,23,.565,.543,15,20,.750,11,39,50,13,9,12,13,42,128,liveris01
270,Kenneth Lofton Jr.,PF,20,MEM,5,0,23,7,14,.500,0,1,.000,7,13,.538,.500,1,3,.333,1,3,4,4,0,0,1,3,15,loftoke01
271,Kevon Looney,C,26,GSW,36,36,821,99,155,.639,0,0,,99,155,.639,.639,37,58,.638,90,190,280,105,14,20,14,100,235,looneke01
272,Brook Lopez,C,34,MIL,33,33,1016,183,360,.508,67,171,.392,116,189,.614,.601,57,71,.803,60,135,195,39,18,85,44,75,490,lopezbr01
273,Robin Lopez,C,34,CLE,22,1,194,28,44,.636,0,0,,28,44,.636,.636,9,12,.750,17,15,32,9,1,3,15,26,65,lopezro01
274,Kevin Love,PF,34,CLE,27,1,535,76,184,.413,51,131,.389,25,53,.472,.552,41,47,.872,22,165,187,58,4,5,33,41,244,loveke01
275,Kyle Lowry,PG,36,MIA,30,30,1078,135,329,.410,73,204,.358,62,125,.496,.521,89,104,.856,24,119,143,180,33,15,69,84,432,lowryky01
276,Trey Lyles,PF,27,SAC,27,0,389,58,135,.430,29,85,.341,29,50,.580,.537,19,27,.704,26,61,87,22,9,8,25,29,164,lylestr01
277,Théo Maledon,PG,21,CHO,33,1,539,60,142,.423,18,56,.321,42,86,.488,.486,47,54,.870,9,73,82,79,25,5,34,34,185,maledth01
278,Sandro Mamukelashvili,C,23,MIL,14,0,117,12,33,.364,5,17,.294,7,16,.438,.439,5,10,.500,9,22,31,9,1,2,4,10,34,mamuksa01
279,Terance Mann,SG,26,LAC,35,13,752,113,217,.521,26,75,.347,87,142,.613,.581,36,49,.735,38,95,133,67,22,11,37,65,288,mannte01
280,Tre Mann,PG,21,OKC,29,4,580,96,250,.384,42,136,.309,54,114,.474,.468,17,24,.708,15,55,70,46,22,4,27,44,251,manntr01
281,Boban Marjanović,C,34,HOU,10,0,38,7,11,.636,0,1,.000,7,10,.700,.636,7,9,.778,1,9,10,1,1,1,2,1,21,marjabo01
282,Lauri Markkanen,SF,25,UTA,34,34,1153,275,522,.527,105,240,.438,170,282,.603,.627,135,160,.844,64,222,286,69,20,21,66,75,790,markkla01
283,Naji Marshall,SF,25,NOP,32,8,735,98,220,.445,32,96,.333,66,124,.532,.518,54,66,.818,25,84,109,72,22,8,31,48,282,marshna01
284,Caleb Martin,PF,27,MIA,32,32,1031,131,282,.465,48,121,.397,83,161,.516,.550,33,42,.786,50,104,154,61,35,12,38,59,343,martica02
285,Cody Martin,SF,27,CHO,1,0,1,0,0,,0,0,,0,0,,,0,0,,0,0,0,0,0,0,0,0,0,martico01
286,Kenyon Martin Jr.,SF,22,HOU,34,8,832,145,262,.553,29,93,.312,116,169,.686,.609,51,77,.662,49,118,167,49,15,11,37,56,370,martike04
287,Tyrese Martin,SG,23,ATL,11,0,42,6,16,.375,1,5,.200,5,11,.455,.406,2,2,1.000,2,4,6,0,1,0,1,2,15,martity01
288,Garrison Mathews,SG,26,HOU,27,0,354,35,93,.376,32,88,.364,3,5,.600,.548,29,31,.935,5,26,31,14,16,3,8,34,131,mathega01
289,Bennedict Mathurin,SG,20,IND,35,2,989,190,458,.415,61,178,.343,129,280,.461,.481,159,194,.820,38,99,137,52,21,3,62,69,600,mathube01
290,Wesley Matthews,SG,36,MIL,25,0,377,24,73,.329,19,59,.322,5,14,.357,.459,9,10,.900,19,23,42,16,13,6,9,39,76,matthwe02
291,Tyrese Maxey,SG,22,PHI,15,15,546,126,273,.462,43,102,.422,83,171,.485,.540,48,65,.738,6,46,52,66,15,4,30,35,343,maxeyty01
292,Miles McBride,PG,22,NYK,23,0,289,31,83,.373,12,52,.231,19,31,.613,.446,10,15,.667,5,13,18,31,16,0,8,17,84,mcbrimi01
293,CJ McCollum,SG,31,NOP,30,30,1057,223,538,.414,76,207,.367,147,331,.444,.485,59,72,.819,28,125,153,183,32,19,76,54,581,mccolcj01
294,T.J. McConnell,PG,30,IND,32,0,556,73,167,.437,4,17,.235,69,150,.460,.449,16,19,.842,19,58,77,140,34,5,50,39,166,mccontj01
295,Jaden McDaniels,PF,22,MIN,32,32,984,146,275,.531,38,100,.380,108,175,.617,.600,38,50,.760,41,76,117,54,36,38,48,112,368,mcdanja02
296,Jalen McDaniels,SF,25,CHO,35,10,909,134,298,.450,44,121,.364,90,177,.508,.523,59,66,.894,30,131,161,78,36,18,47,105,371,mcdanja01
297,Doug McDermott,SF,31,SAS,29,0,598,114,244,.467,59,143,.413,55,101,.545,.588,20,27,.741,10,52,62,42,2,5,28,48,307,mcderdo01
298,JaVale McGee,C,35,DAL,22,7,185,40,64,.625,1,4,.250,39,60,.650,.633,13,24,.542,15,37,52,4,3,11,20,25,94,mcgeeja01
299,Bryce McGowens,SG,20,CHO,13,0,186,18,45,.400,6,16,.375,12,29,.414,.467,11,12,.917,3,15,18,13,4,4,6,7,53,mcgowbr01
300,Rodney McGruder,SG,31,DET,11,2,92,5,24,.208,3,17,.176,2,7,.286,.271,4,4,1.000,6,12,18,9,2,0,4,3,17,mcgruro01
301,Jordan McLaughlin,PG,26,MIN,18,0,287,28,66,.424,8,34,.235,20,32,.625,.485,9,9,1.000,7,23,30,65,15,2,14,7,73,mclaujo01
302,De'Anthony Melton,PG,24,PHI,30,23,906,132,312,.423,73,186,.392,59,126,.468,.540,19,27,.704,34,108,142,95,61,11,50,68,356,meltode01
303,Chimezie Metu,C,25,SAC,25,0,278,52,89,.584,5,21,.238,47,68,.691,.612,16,20,.800,15,61,76,16,9,5,17,28,125,metuch01
304,Khris Middleton,SF,31,MIL,7,7,171,25,77,.325,11,41,.268,14,36,.389,.396,17,19,.895,1,17,18,31,4,1,11,18,78,middlkh01
305,Patty Mills,PG,34,BRK,24,1,283,48,100,.480,30,69,.435,18,31,.581,.630,14,15,.933,5,18,23,30,6,1,13,11,140,millspa02
306,Shake Milton,SG,26,PHI,29,8,708,121,239,.506,24,64,.375,97,175,.554,.556,46,55,.836,17,75,92,94,11,5,45,52,312,miltosh01
307,Josh Minott,SF,20,MIN,6,0,15,3,5,.600,0,1,.000,3,4,.750,.600,4,4,1.000,2,1,3,2,1,1,0,1,10,minotjo01
308,Davion Mitchell,PG,24,SAC,32,3,623,82,182,.451,25,82,.305,57,100,.570,.519,12,17,.706,7,43,50,83,18,8,33,48,201,mitchda01
309,Donovan Mitchell,SG,26,CLE,31,31,1125,307,624,.492,119,285,.418,188,339,.555,.587,149,169,.882,27,91,118,139,43,11,89,80,882,mitchdo01
310,Evan Mobley,PF,21,CLE,35,35,1193,206,369,.558,9,40,.225,197,329,.599,.570,90,128,.703,86,228,314,92,25,44,70,99,511,mobleev01
311,Isaiah Mobley,PF,23,CLE,8,0,26,4,8,.500,1,2,.500,3,6,.500,.563,0,0,,1,10,11,0,1,0,0,2,9,mobleis01
312,Chima Moneke,SF,27,SAC,2,0,8,1,2,.500,0,0,,1,2,.500,.500,0,2,.000,2,0,2,1,0,0,2,2,2,monekch01
313,Malik Monk,SG,24,SAC,33,0,771,169,373,.453,63,188,.335,106,185,.573,.538,82,90,.911,13,63,76,127,22,5,66,52,483,monkma01
314,Moses Moody,SG,20,GSW,31,3,489,59,128,.461,31,78,.397,28,50,.560,.582,21,26,.808,12,42,54,25,12,5,23,31,170,moodymo01
315,Wendell Moore Jr.,SG,21,MIN,16,2,96,13,28,.464,2,12,.167,11,16,.688,.500,4,5,.800,2,11,13,8,5,3,7,11,32,moorewe01
316,Ja Morant,PG,23,MEM,28,28,907,263,585,.450,49,149,.329,214,436,.491,.491,183,246,.744,35,141,176,219,29,6,104,52,758,moranja01
317,Marcus Morris,PF,33,LAC,33,33,986,164,368,.446,69,181,.381,95,187,.508,.539,45,56,.804,17,150,167,57,23,13,32,74,442,morrima03
318,Markieff Morris,PF,33,BRK,19,1,217,27,61,.443,19,39,.487,8,22,.364,.598,6,6,1.000,9,35,44,19,6,4,11,23,79,morrima02
319,Monte Morris,PG,27,WAS,31,31,890,117,259,.452,40,105,.381,77,154,.500,.529,31,40,.775,12,92,104,162,25,6,26,49,305,morrimo01
320,Trey Murphy III,SF,22,NOP,31,21,894,133,279,.477,74,177,.418,59,102,.578,.609,61,67,.910,32,100,132,45,34,15,26,65,401,murphtr02
321,Dejounte Murray,SG,26,ATL,30,30,1078,243,545,.446,59,170,.347,184,375,.491,.500,70,84,.833,21,139,160,185,52,11,74,51,615,murrade01
322,Jamal Murray,PG,25,DEN,28,28,890,188,429,.438,56,156,.359,132,273,.484,.503,81,103,.786,15,95,110,159,27,6,58,36,513,murraja01
323,Keegan Murray,SF,22,SAC,31,29,888,130,308,.422,70,184,.380,60,124,.484,.536,32,41,.780,25,90,115,24,24,19,35,63,362,murrake02
324,Mike Muscala,C,31,OKC,24,1,318,48,104,.462,27,70,.386,21,34,.618,.591,20,24,.833,11,65,76,23,4,13,7,37,143,muscami01
325,Svi Mykhailiuk,SF,25,NYK,11,0,38,6,12,.500,6,10,.600,0,2,.000,.750,3,5,.600,0,7,7,1,1,0,2,1,21,mykhasv01
326,Larry Nance Jr.,PF,30,NOP,29,0,662,107,167,.641,10,25,.400,97,142,.683,.671,24,33,.727,50,113,163,53,28,24,26,67,248,nancela02
327,Andrew Nembhard,SG,23,IND,30,21,784,98,213,.460,40,106,.377,58,107,.542,.554,14,16,.875,13,80,93,114,31,6,45,87,250,nembhan01
328,Aaron Nesmith,SF,23,IND,30,18,669,94,225,.418,44,124,.355,50,101,.495,.516,33,38,.868,24,88,112,35,22,15,29,94,265,nesmiaa01
329,Raul Neto,PG,30,CLE,22,0,197,20,44,.455,5,18,.278,15,26,.577,.511,10,12,.833,2,15,17,26,9,0,8,18,55,netora01
330,Georges Niang,PF,29,PHI,31,0,629,101,230,.439,72,175,.411,29,55,.527,.596,20,22,.909,6,66,72,32,15,8,25,69,294,niangge01
331,Daishen Nix,PG,20,HOU,29,0,438,35,101,.347,21,67,.313,14,34,.412,.450,15,21,.714,10,40,50,76,23,3,42,28,106,nixda01
332,Zeke Nnaji,PF,22,DEN,25,2,263,41,70,.586,3,16,.188,38,54,.704,.607,14,18,.778,24,15,39,5,4,4,12,41,99,nnajize01
333,Nerlens Noel,C,28,DET,7,0,63,4,13,.308,0,0,,4,13,.308,.308,4,6,.667,3,16,19,3,6,2,3,9,12,noelne01
334,Jaylen Nowell,SG,23,MIN,35,0,703,157,368,.427,42,139,.302,115,229,.502,.484,43,55,.782,26,75,101,76,21,3,32,55,399,nowelja01
335,Frank Ntilikina,PG,24,DAL,16,0,200,14,45,.311,6,24,.250,8,21,.381,.378,8,11,.727,2,21,23,21,4,2,12,23,42,ntilila01
336,Kendrick Nunn,PG,27,LAL,28,2,326,56,154,.364,23,75,.307,33,79,.418,.438,12,13,.923,1,29,30,25,6,1,27,21,147,nunnke01
337,Jusuf Nurkić,C,28,POR,30,30,865,165,305,.541,26,56,.464,139,249,.558,.584,87,128,.680,75,221,296,89,23,29,73,106,443,nurkiju01
338,Jordan Nwora,SF,24,MIL,26,3,431,53,144,.368,27,74,.365,26,70,.371,.462,28,33,.848,20,61,81,25,8,3,23,22,161,nworajo01
339,Royce O'Neale,SF,29,BRK,33,33,1161,109,269,.405,76,179,.425,33,90,.367,.546,16,25,.640,25,137,162,138,30,24,58,107,310,onealro01
340,Chuma Okeke,PF,24,ORL,18,7,392,32,87,.368,18,60,.300,14,27,.519,.471,16,21,.762,21,55,76,26,11,9,9,34,98,okekech01
341,Josh Okogie,SG,24,PHO,31,0,367,45,113,.398,12,48,.250,33,65,.508,.451,35,47,.745,44,49,93,33,19,13,22,44,137,okogijo01
342,Onyeka Okongwu,C,22,ATL,34,7,757,120,194,.619,0,3,.000,120,191,.628,.619,60,81,.741,89,149,238,30,18,33,30,106,300,okongon01
343,Isaac Okoro,SG,22,CLE,35,8,654,59,140,.421,17,68,.250,42,72,.583,.482,31,38,.816,17,56,73,28,22,14,21,64,166,okorois01
344,KZ Okpala,PF,23,SAC,22,3,180,13,28,.464,5,13,.385,8,15,.533,.554,6,6,1.000,6,22,28,10,4,7,5,27,37,okpalkz01
345,Victor Oladipo,SG,30,MIA,10,1,254,28,77,.364,10,41,.244,18,36,.500,.429,14,18,.778,4,21,25,27,17,2,12,23,80,oladivi01
346,Kelly Olynyk,PF,31,UTA,33,33,940,141,271,.520,50,116,.431,91,155,.587,.613,91,109,.835,41,124,165,105,37,21,75,129,423,olynyke01
347,Eugene Omoruyi,SF,25,OKC,15,1,192,34,72,.472,8,28,.286,26,44,.591,.528,13,19,.684,15,25,40,9,12,0,10,35,89,omorueu01
348,Cedi Osman,SF,27,CLE,34,0,778,121,259,.467,45,137,.328,76,122,.623,.554,36,53,.679,10,79,89,53,17,4,28,61,323,osmande01
349,Kelly Oubre Jr.,SF,27,CHO,34,30,1128,261,615,.424,80,257,.311,181,358,.506,.489,98,138,.710,52,126,178,42,55,12,43,103,700,oubreke01
350,Chris Paul,PG,37,PHO,22,22,691,93,225,.413,35,93,.376,58,132,.439,.491,58,74,.784,11,84,95,194,33,7,44,56,279,paulch01
351,Cameron Payne,PG,28,PHO,26,14,645,123,296,.416,48,124,.387,75,172,.436,.497,36,47,.766,9,53,62,139,25,5,51,55,330,payneca01
352,Theo Pinson,SG,27,DAL,14,0,69,3,15,.200,2,10,.200,1,5,.200,.267,5,6,.833,2,18,20,5,2,0,3,3,13,pinsoth01
353,Scotty Pippen Jr.,PG,22,LAL,3,0,23,1,7,.143,1,2,.500,0,5,.000,.214,4,6,.667,2,2,4,1,1,1,2,3,7,pippesc02
354,Mason Plumlee,C,32,CHO,35,35,965,136,219,.621,0,0,,136,219,.621,.621,81,140,.579,116,205,321,133,24,26,59,113,353,plumlma01
355,Jakob Poeltl,C,27,SAS,26,26,681,140,213,.657,0,0,,140,213,.657,.657,37,69,.536,85,147,232,75,23,28,57,66,317,poeltja01
356,Aleksej Pokusevski,PF,21,OKC,31,25,677,107,243,.440,38,101,.376,69,142,.486,.519,21,33,.636,45,112,157,62,20,41,41,57,273,pokusal01
357,Jordan Poole,SG,23,GSW,36,17,1049,241,565,.427,87,282,.309,154,283,.544,.504,142,164,.866,10,68,78,154,26,9,122,83,711,poolejo01
358,Kevin Porter Jr.,PG,22,HOU,33,33,1132,224,518,.432,65,199,.327,159,319,.498,.495,125,163,.767,49,131,180,189,46,14,122,95,638,porteke02
359,Michael Porter Jr.,SF,24,DEN,20,20,591,124,262,.473,58,138,.420,66,124,.532,.584,31,40,.775,22,100,122,25,14,10,25,53,337,portemi01
360,Otto Porter Jr.,SF,29,TOR,8,2,146,15,30,.500,6,17,.353,9,13,.692,.600,8,8,1.000,6,13,19,8,11,0,4,7,44,porteot01
361,Bobby Portis,PF,27,MIL,34,8,887,196,396,.495,37,121,.306,159,275,.578,.542,34,44,.773,84,257,341,62,9,9,39,59,463,portibo01
362,Kristaps Porziņģis,PF,27,WAS,32,32,1053,235,500,.470,58,174,.333,177,326,.543,.528,174,218,.798,65,221,286,81,33,49,68,95,702,porzikr01
363,Micah Potter,PF,24,UTA,3,0,14,2,2,1.000,0,0,,2,2,1.000,1.000,0,0,,1,2,3,2,0,0,0,2,4,pottemi01
364,Dwight Powell,C,31,DAL,30,23,522,63,91,.692,0,2,.000,63,89,.708,.692,40,59,.678,55,50,105,16,16,11,23,80,166,poweldw01
365,Norman Powell,SG,29,LAC,26,5,643,140,293,.478,42,111,.378,98,182,.538,.549,77,100,.770,9,62,71,43,21,9,50,48,399,powelno01
366,Jason Preston,PG,23,LAC,5,0,44,6,16,.375,2,8,.250,4,8,.500,.438,0,2,.000,1,4,5,8,0,0,4,4,14,prestja01
367,Joshua Primo,SG,20,SAS,4,0,93,9,26,.346,3,12,.250,6,14,.429,.404,7,9,.778,2,11,13,18,1,2,11,8,28,primojo01
368,Taurean Prince,SF,28,MIN,18,0,352,51,103,.495,21,54,.389,30,49,.612,.597,19,22,.864,6,39,45,21,6,4,21,43,142,princta02
369,Payton Pritchard,PG,25,BOS,21,1,221,34,85,.400,17,50,.340,17,35,.486,.500,7,10,.700,11,17,28,25,6,1,15,8,92,pritcpa01
370,Trevelin Queen,PG,25,IND,2,0,20,0,3,.000,0,3,.000,0,0,,.000,0,0,,1,2,3,2,1,1,3,1,0,queentr01
371,Neemias Queta,C,23,SAC,4,0,25,6,8,.750,0,0,,6,8,.750,.750,0,2,.000,4,5,9,1,0,1,1,7,12,quetane01
372,Immanuel Quickley,PG,23,NYK,35,2,860,128,318,.403,50,153,.327,78,165,.473,.481,64,76,.842,18,116,134,111,34,5,46,68,370,quickim01
373,Julius Randle,PF,28,NYK,35,35,1207,276,590,.468,86,252,.341,190,338,.562,.541,176,230,.765,69,268,337,127,25,9,90,108,814,randlju01
374,Austin Reaves,SG,24,LAL,33,10,959,115,223,.516,42,110,.382,73,113,.646,.610,85,94,.904,22,75,97,69,19,14,44,53,357,reaveau01
375,Cam Reddish,SF,23,NYK,20,8,438,61,136,.449,17,56,.304,44,80,.550,.511,29,33,.879,7,24,31,20,15,8,15,32,168,reddica01
376,Davon Reed,SG,27,DEN,23,1,236,18,58,.310,12,34,.353,6,24,.250,.414,11,16,.688,7,27,34,14,8,2,13,27,59,reedda01
377,Paul Reed,C,23,PHI,28,0,280,35,63,.556,0,3,.000,35,60,.583,.556,8,12,.667,33,57,90,12,22,18,17,60,78,reedpa01
378,Naz Reid,C,23,MIN,29,3,508,121,216,.560,29,76,.382,92,140,.657,.627,35,55,.636,26,108,134,29,13,27,35,65,306,reidna01
379,Nick Richards,C,25,CHO,33,0,622,112,182,.615,0,0,,112,182,.615,.615,72,98,.735,96,114,210,21,6,27,28,77,296,richani01
380,Josh Richardson,SG,29,SAS,24,3,554,88,220,.400,42,119,.353,46,101,.455,.495,36,42,.857,13,43,56,68,19,2,40,40,254,richajo01
381,Austin Rivers,SG,30,MIN,25,9,493,48,103,.466,23,58,.397,25,45,.556,.578,22,25,.880,2,43,45,31,13,1,14,42,141,riverau01
382,Duncan Robinson,SF,28,MIA,25,0,456,58,156,.372,42,124,.339,16,32,.500,.506,18,20,.900,6,46,52,31,7,0,18,50,176,robindu01
383,Mitchell Robinson,C,24,NYK,27,26,693,92,125,.736,0,0,,92,125,.736,.736,30,55,.545,117,121,238,26,20,49,16,77,214,robinmi01
384,Orlando Robinson,C,22,MIA,8,0,127,18,35,.514,0,5,.000,18,30,.600,.514,6,8,.750,13,18,31,11,6,4,5,17,42,robinor01
385,Jeremiah Robinson-Earl,PF,22,OKC,26,18,548,85,174,.489,29,76,.382,56,98,.571,.572,22,28,.786,51,78,129,25,19,11,16,49,221,robinje02
386,Isaiah Roby,PF,24,SAS,28,1,309,44,98,.449,14,42,.333,30,56,.536,.520,10,23,.435,12,56,68,31,12,6,17,33,112,robyis01
387,David Roddy,PF,21,MEM,32,1,594,79,197,.401,30,106,.283,49,91,.538,.477,21,33,.636,20,67,87,23,12,10,25,45,209,roddyda01
388,Ryan Rollins,PG,20,GSW,11,0,60,6,19,.316,3,9,.333,3,10,.300,.395,6,6,1.000,2,8,10,6,1,1,16,10,21,rolliry01
389,Derrick Rose,PG,34,NYK,24,0,308,58,145,.400,19,55,.345,39,90,.433,.466,10,10,1.000,8,31,39,44,7,5,21,16,145,rosede01
390,Terrence Ross,SG,31,ORL,32,8,736,100,240,.417,45,129,.349,55,111,.495,.510,12,17,.706,9,56,65,41,20,6,34,43,257,rosste01
391,Terry Rozier,PG,28,CHO,25,25,901,193,492,.392,62,196,.316,131,296,.443,.455,60,71,.845,26,84,110,137,18,5,64,51,508,roziete01
392,D'Angelo Russell,PG,26,MIN,33,33,1081,203,441,.460,77,217,.355,126,224,.563,.548,72,88,.818,18,89,107,214,38,17,95,70,555,russeda01
393,Matt Ryan,SF,25,TOT,19,0,160,18,57,.316,16,43,.372,2,14,.143,.456,4,5,.800,2,15,17,8,3,0,3,15,56,ryanma01
393,Matt Ryan,SF,25,LAL,12,0,129,15,49,.306,13,35,.371,2,14,.143,.439,4,5,.800,2,12,14,4,2,0,3,14,47,ryanma01
393,Matt Ryan,SF,25,MIN,7,0,31,3,8,.375,3,8,.375,0,0,,.563,0,0,,0,3,3,4,1,0,0,1,9,ryanma01
394,Domantas Sabonis,PF,26,SAC,32,32,1079,214,348,.615,16,38,.421,198,310,.639,.638,143,193,.741,93,302,395,214,26,16,78,117,587,sabondo01
395,Dario Šarić,PF,28,PHO,18,3,182,22,62,.355,9,27,.333,13,35,.371,.427,8,10,.800,16,35,51,15,3,2,10,25,61,saricda01
396,Jordan Schakel,SF,24,WAS,2,0,6,1,2,.500,1,1,1.000,0,1,.000,.750,0,0,,0,0,0,1,1,0,0,1,3,schakjo01
397,Admiral Schofield,PF,25,ORL,23,0,288,39,81,.481,18,50,.360,21,31,.677,.593,12,13,.923,17,27,44,16,6,3,5,46,108,schofad01
398,Dennis Schröder,PG,29,LAL,21,18,571,77,174,.443,22,63,.349,55,111,.495,.506,45,50,.900,3,42,45,76,9,0,37,45,221,schrode01
399,Dereon Seabron,SG,22,NOP,2,0,3,0,0,,0,0,,0,0,,,0,0,,0,0,0,0,0,0,0,0,0,seabrde01
400,Alperen Şengün,C,20,HOU,31,28,827,175,316,.554,5,24,.208,170,292,.582,.562,92,116,.793,102,170,272,79,21,29,65,100,447,sengual01
401,Collin Sexton,SG,24,UTA,30,10,717,146,294,.497,29,75,.387,117,219,.534,.546,108,128,.844,26,43,69,88,18,2,52,71,429,sextoco01
402,Landry Shamet,SG,25,PHO,25,2,488,76,189,.402,52,134,.388,24,55,.436,.540,31,34,.912,8,25,33,50,16,5,22,36,235,shamela01
403,Day'Ron Sharpe,C,21,BRK,18,1,154,24,46,.522,3,4,.750,21,42,.500,.554,12,17,.706,23,35,58,10,3,10,13,30,63,sharpda01
404,Shaedon Sharpe,SG,19,POR,33,5,640,104,224,.464,28,83,.337,76,141,.539,.527,17,27,.630,26,55,81,15,11,6,20,46,253,sharpsh01
405,Pascal Siakam,C,28,TOR,24,24,882,225,462,.487,34,101,.337,191,361,.529,.524,154,199,.774,43,162,205,163,24,11,59,75,638,siakapa01
406,Ben Simmons,PG,26,BRK,25,20,684,95,157,.605,0,1,.000,95,156,.609,.605,18,41,.439,28,141,169,150,34,13,55,87,208,simmobe01
407,Marko Simonovic,C,23,CHI,1,0,2,0,1,.000,0,1,.000,0,0,,.000,0,0,,0,0,0,0,0,0,0,0,0,simonma01
408,Anfernee Simons,SG,23,POR,32,32,1150,254,579,.439,124,324,.383,130,255,.510,.546,85,95,.895,9,82,91,131,26,7,70,81,717,simonan01
409,Jericho Sims,C,24,NYK,27,2,339,47,60,.783,0,0,,47,60,.783,.783,8,10,.800,51,66,117,8,6,16,11,48,102,simsje01
410,Marcus Smart,PG,28,BOS,31,31,1025,125,290,.431,57,164,.348,68,126,.540,.529,43,55,.782,20,82,102,227,42,11,69,87,350,smartma01
411,Dennis Smith Jr.,PG,25,CHO,15,11,419,62,134,.463,10,30,.333,52,104,.500,.500,6,12,.500,9,40,49,85,27,10,23,34,140,smithde03
412,Dru Smith,SG,25,MIA,5,1,67,5,14,.357,1,6,.167,4,8,.500,.393,0,0,,1,8,9,5,4,3,1,10,11,smithdr01
413,Ish Smith,PG,34,DEN,15,0,144,20,50,.400,2,6,.333,18,44,.409,.420,1,2,.500,1,14,15,30,4,6,15,11,43,smithis01
414,Jabari Smith Jr.,PF,19,HOU,33,33,1001,139,363,.383,65,193,.337,74,170,.435,.472,55,66,.833,43,196,239,28,16,33,45,102,398,smithja05
415,Jalen Smith,PF,22,IND,34,27,714,128,287,.446,35,126,.278,93,161,.578,.507,54,70,.771,57,159,216,35,11,34,42,74,345,smithja04
416,Jeremy Sochan,PF,19,SAS,28,25,694,103,225,.458,11,58,.190,92,167,.551,.482,22,41,.537,44,88,132,69,22,15,42,71,239,sochaje01
417,Jaden Springer,PG,20,PHI,4,0,11,2,5,.400,0,0,,2,5,.400,.400,1,2,.500,1,2,3,0,0,2,1,2,5,sprinja01
418,Lamar Stevens,PF,25,CLE,19,15,442,50,115,.435,13,39,.333,37,76,.487,.491,17,24,.708,13,62,75,11,9,7,13,27,130,stevela01
419,Isaiah Stewart,C,21,DET,30,30,845,119,255,.467,47,126,.373,72,129,.558,.559,66,89,.742,62,173,235,35,10,22,39,81,351,stewais01
420,Max Strus,SF,26,MIA,33,19,1006,153,384,.398,88,267,.330,65,117,.556,.513,31,38,.816,17,95,112,60,24,8,30,68,425,strusma01
421,Jalen Suggs,PG,21,ORL,14,13,405,65,155,.419,20,68,.294,45,87,.517,.484,23,35,.657,15,31,46,76,22,9,47,44,173,suggsja01
422,Edmond Sumner,SG,27,BRK,30,9,446,72,161,.447,16,56,.286,56,105,.533,.497,52,56,.929,10,34,44,45,26,6,30,48,212,sumneed01
423,Cole Swider,SF,23,LAL,1,0,2,0,1,.000,0,1,.000,0,0,,.000,0,0,,0,1,1,1,0,0,0,0,0,swideco01
424,Jae'Sean Tate,SF,27,HOU,3,2,68,10,20,.500,2,5,.400,8,15,.533,.550,3,4,.750,8,5,13,10,3,0,5,15,25,tateja01
425,Jayson Tatum,PF,24,BOS,33,33,1220,337,707,.477,110,308,.357,227,399,.569,.554,242,279,.867,37,229,266,136,39,29,88,71,1026,tatumja01
426,Terry Taylor,SG,23,IND,18,2,138,13,34,.382,2,10,.200,11,24,.458,.412,4,5,.800,11,13,24,6,2,4,4,13,32,taylote01
427,Garrett Temple,SG,36,NOP,12,0,97,10,26,.385,6,16,.375,4,10,.400,.500,3,4,.750,2,7,9,5,8,1,3,9,29,templga01
428,Dalen Terry,SG,20,CHI,14,0,52,4,13,.308,1,4,.250,3,9,.333,.346,3,4,.750,0,4,4,7,1,2,4,4,12,terryda01
429,Cam Thomas,SG,21,BRK,25,0,352,53,132,.402,11,30,.367,42,102,.412,.443,47,60,.783,3,29,32,35,9,3,19,22,164,thomaca02
430,Klay Thompson,SG,32,GSW,28,28,880,188,473,.397,103,275,.375,85,198,.429,.506,44,50,.880,17,90,107,70,19,13,49,54,523,thompkl01
431,JT Thor,PF,20,CHO,22,0,227,19,54,.352,5,28,.179,14,26,.538,.398,11,15,.733,11,27,38,12,6,5,12,15,54,thorjt01
432,Matisse Thybulle,SG,25,PHI,29,5,327,26,64,.406,11,36,.306,15,28,.536,.492,3,6,.500,8,24,32,12,22,7,5,34,66,thybuma01
433,Xavier Tillman Sr.,PF,24,MEM,18,0,176,31,48,.646,3,7,.429,28,41,.683,.677,6,16,.375,20,22,42,8,6,7,8,16,71,tillmxa01
434,Isaiah Todd,PF,21,WAS,4,0,13,1,4,.250,0,3,.000,1,1,1.000,.250,0,0,,0,0,0,0,0,0,0,0,2,toddis01
435,Obi Toppin,PF,24,NYK,25,0,428,72,171,.421,34,97,.351,38,74,.514,.520,14,17,.824,14,80,94,26,10,5,19,28,192,toppiob01
436,Juan Toscano-Anderson,SF,29,LAL,15,1,159,12,29,.414,2,11,.182,10,18,.556,.448,5,7,.714,4,28,32,11,3,3,9,20,31,toscaju01
437,Karl-Anthony Towns,PF,27,MIN,21,21,709,153,303,.505,38,117,.325,115,186,.618,.568,92,104,.885,35,137,172,111,16,14,65,82,436,townska01
438,Gary Trent Jr.,SG,24,TOR,27,18,833,159,366,.434,61,178,.343,98,188,.521,.518,72,92,.783,13,41,54,38,42,4,31,42,451,trentga02
439,P.J. Tucker,PF,37,PHI,33,33,927,41,98,.418,21,55,.382,20,43,.465,.526,10,12,.833,44,99,143,29,20,9,28,85,113,tuckepj01
440,Myles Turner,C,26,IND,29,29,843,165,304,.543,45,111,.405,120,193,.622,.617,95,125,.760,40,187,227,41,18,59,49,100,470,turnemy01
441,Jonas Valančiūnas,C,30,NOP,34,34,824,183,351,.521,22,64,.344,161,287,.561,.553,82,97,.845,100,220,320,63,12,12,66,97,470,valanjo01
442,Jarred Vanderbilt,PF,23,UTA,35,33,876,121,213,.568,15,40,.375,106,173,.613,.603,37,54,.685,87,194,281,97,41,9,52,95,294,vandeja01
443,Fred VanVleet,PG,28,TOR,28,28,1027,166,435,.382,78,236,.331,88,199,.442,.471,107,122,.877,13,95,108,170,46,15,52,75,517,vanvlfr01
444,Devin Vassell,SG,22,SAS,28,23,881,201,450,.447,79,196,.403,122,254,.480,.534,68,85,.800,6,107,113,101,35,12,44,42,549,vassede01
445,Gabe Vincent,PG,26,MIA,21,1,520,70,174,.402,30,100,.300,40,74,.541,.489,21,25,.840,8,35,43,58,18,2,27,54,191,vincega01
446,Noah Vonleh,C,27,BOS,21,1,163,11,24,.458,1,4,.250,10,20,.500,.479,2,2,1.000,17,29,46,6,2,8,11,34,25,vonleno01
447,Nikola Vučević,C,32,CHI,34,34,1113,225,445,.506,59,157,.376,166,288,.576,.572,58,68,.853,68,283,351,102,21,27,65,71,567,vucevni01
448,Dean Wade,PF,26,CLE,17,9,409,38,84,.452,23,56,.411,15,28,.536,.589,9,13,.692,10,59,69,17,12,6,7,42,108,wadede01
449,Franz Wagner,SF,21,ORL,36,36,1195,254,531,.478,55,159,.346,199,372,.535,.530,145,166,.873,34,111,145,123,28,9,81,82,708,wagnefr01
450,Moritz Wagner,C,25,ORL,18,14,458,76,154,.494,18,61,.295,58,93,.624,.552,54,60,.900,34,85,119,39,16,5,29,55,224,wagnemo01
451,Ish Wainright,SF,28,PHO,19,1,260,21,57,.368,15,42,.357,6,15,.400,.500,4,7,.571,22,20,42,18,10,5,5,33,61,wainris01
452,Jabari Walker,SF,20,POR,18,0,131,12,32,.375,3,11,.273,9,21,.429,.422,4,6,.667,9,23,32,10,1,3,5,15,31,walkeja01
453,Kemba Walker,PG,32,DAL,6,1,124,21,51,.412,6,25,.240,15,26,.577,.471,17,21,.810,3,13,16,17,0,2,4,10,65,walkeke02
454,Lonnie Walker IV,SG,24,LAL,32,32,953,170,374,.455,66,172,.384,104,202,.515,.543,63,72,.875,11,64,75,45,24,11,31,53,469,walkelo01
455,John Wall,PG,32,LAC,27,3,610,115,280,.411,27,94,.287,88,186,.473,.459,68,101,.673,12,62,74,147,23,9,67,43,325,walljo01
456,T.J. Warren,SF,29,BRK,11,0,208,45,84,.536,7,19,.368,38,65,.585,.577,8,9,.889,11,25,36,19,8,3,6,19,105,warretj01
457,Duane Washington Jr.,SG,22,PHO,19,0,208,52,133,.391,21,61,.344,31,72,.431,.470,4,9,.444,1,19,20,29,3,1,12,10,129,washidu02
458,P.J. Washington,PF,24,CHO,34,34,1082,187,449,.416,63,187,.337,124,262,.473,.487,67,84,.798,37,128,165,77,26,37,52,87,504,washipj01
459,TyTy Washington Jr.,PG,21,HOU,8,0,80,14,33,.424,3,14,.214,11,19,.579,.470,1,2,.500,1,12,13,13,4,0,1,6,32,washity02
460,Yuta Watanabe,SF,28,BRK,22,0,430,64,115,.557,34,65,.523,30,50,.600,.704,11,15,.733,15,48,63,21,8,10,8,36,173,watanyu01
461,Lindy Waters III,SG,25,OKC,10,0,125,12,33,.364,11,31,.355,1,2,.500,.530,1,1,1.000,3,12,15,7,4,0,3,10,36,waterli01
462,Trendon Watford,PF,22,POR,25,2,434,49,86,.570,7,19,.368,42,67,.627,.610,30,39,.769,19,81,100,44,13,3,24,47,135,watfotr01
463,Peyton Watson,SG,20,DEN,6,0,15,3,9,.333,0,1,.000,3,8,.375,.333,0,0,,2,1,3,0,0,0,0,1,6,watsope01
464,Blake Wesley,SG,19,SAS,2,0,23,6,9,.667,2,3,.667,4,6,.667,.778,2,4,.500,1,1,2,4,0,0,2,3,16,weslebl01
465,Russell Westbrook,PG,34,LAL,32,3,898,173,425,.407,36,126,.286,137,299,.458,.449,87,129,.674,36,164,200,246,31,16,110,76,469,westbru01
466,Coby White,PG,22,CHI,26,0,529,72,175,.411,41,118,.347,31,57,.544,.529,22,28,.786,4,57,61,48,17,4,23,44,207,whiteco01
467,Derrick White,SG,28,BOS,35,28,912,115,262,.439,52,140,.371,63,122,.516,.538,62,72,.861,22,87,109,109,29,28,34,82,344,whitede01
468,Jack White,SF,25,DEN,8,0,26,1,6,.167,0,2,.000,1,4,.250,.167,0,0,,2,3,5,0,1,2,0,4,2,whiteja03
469,Aaron Wiggins,SG,24,OKC,26,6,492,63,133,.474,18,48,.375,45,85,.529,.541,27,34,.794,28,69,97,38,15,4,24,42,171,wiggiaa01
470,Andrew Wiggins,SF,27,GSW,22,22,722,163,319,.511,67,149,.450,96,170,.565,.616,27,43,.628,34,79,113,48,30,17,30,64,420,wiggian01
471,Alondes Williams,SG,23,BRK,1,0,5,0,0,,0,0,,0,0,,,0,0,,0,1,1,0,0,0,2,1,0,willial06
472,Grant Williams,PF,24,BOS,34,14,949,108,210,.514,57,130,.438,51,80,.638,.650,40,48,.833,35,120,155,56,27,11,31,87,313,willigr01
473,Jalen Williams,SG,21,OKC,30,17,822,134,263,.510,20,74,.270,114,189,.603,.548,45,60,.750,21,88,109,82,18,13,49,77,333,willija06
474,Jaylin Williams,PF,20,OKC,7,0,61,8,18,.444,1,5,.200,7,13,.538,.472,4,6,.667,6,10,16,7,3,0,2,10,21,willija07
475,Kenrich Williams,PF,28,OKC,26,3,560,78,147,.531,20,52,.385,58,95,.611,.599,10,22,.455,44,65,109,40,18,4,11,52,186,willike04
476,Mark Williams,C,21,CHO,5,0,47,10,16,.625,0,0,,10,16,.625,.625,6,7,.857,5,11,16,2,3,2,3,9,26,willima07
477,Patrick Williams,PF,21,CHI,34,33,970,123,272,.452,45,111,.405,78,161,.484,.535,32,35,.914,34,105,139,46,21,34,47,70,323,willipa01
478,Robert Williams,C,25,BOS,5,0,92,17,22,.773,0,0,,17,22,.773,.773,4,6,.667,17,22,39,6,2,6,4,9,38,williro04
479,Vince Williams Jr.,SG,22,MEM,6,0,40,3,11,.273,1,8,.125,2,3,.667,.318,0,0,,1,4,5,2,4,1,0,5,7,willivi01
480,Ziaire Williams,SF,21,MEM,9,0,164,18,52,.346,3,26,.115,15,26,.577,.375,2,2,1.000,2,29,31,14,5,2,11,18,41,willizi02
481,Zion Williamson,PF,22,NOP,26,26,869,256,422,.607,7,19,.368,249,403,.618,.615,153,214,.715,53,129,182,123,32,16,82,58,672,willizi01
482,Justise Winslow,SF,26,POR,29,11,776,81,198,.409,14,45,.311,67,153,.438,.444,20,28,.714,49,96,145,98,30,11,43,89,196,winslju01
483,James Wiseman,C,21,GSW,19,0,241,53,87,.609,1,2,.500,52,85,.612,.615,23,35,.657,18,51,69,14,2,7,14,37,130,wisemja01
484,Christian Wood,PF,27,DAL,32,7,896,205,381,.538,52,137,.380,153,244,.627,.606,94,132,.712,37,220,257,48,17,30,72,89,556,woodch01
485,Delon Wright,PG,30,WAS,7,0,139,13,33,.394,4,17,.235,9,16,.563,.455,8,11,.727,4,8,12,25,18,4,6,9,38,wrighde01
486,McKinley Wright IV,PG,24,DAL,5,0,37,4,10,.400,0,2,.000,4,8,.500,.400,0,1,.000,4,3,7,6,4,1,4,6,8,wrighmc01
487,Thaddeus Young,PF,34,TOR,31,9,534,69,127,.543,4,22,.182,65,105,.619,.559,14,18,.778,53,62,115,53,32,3,24,60,156,youngth01
488,Trae Young,PG,24,ATL,31,31,1103,268,648,.414,71,225,.316,197,423,.466,.468,240,268,.896,22,66,88,308,23,5,117,43,847,youngtr01
489,Ivica Zubac,C,25,LAC,34,34,1015,135,217,.622,0,1,.000,135,216,.625,.622,78,113,.690,119,256,375,38,13,51,72,104,348,zubaciv01